IUCR_Codes,Primary_Type,Secondary_Type,Felony_Class,Severity
1025,ARSON,AGGRAVATED,2,0.4
1090,ARSON,ATTEMPT ARSON,2,0.066666667
1020,ARSON,BY FIRE,2,0.077777778
554,ASSAULT,AGG PO HANDS NO/MIN INJURY,X,0.044444444
555,ASSAULT,AGG PRO.EMP: HANDGUN,X,0.077777778
558,ASSAULT,AGG PRO.EMP: OTHER DANG WEAPON,X,0.077777778
557,ASSAULT,AGG PRO.EMP:KNIFE/CUTTING INST,X,0.077777778
550,ASSAULT,AGGRAVATED PO: HANDGUN,X,0.077777778
553,ASSAULT,AGGRAVATED PO: OTHER DANG WEAP,X,0.077777778
552,ASSAULT,AGGRAVATED PO:KNIFE/CUT INSTR,X,0.077777778
051A,ASSAULT,AGGRAVATED: HANDGUN,X,0.077777778
530,ASSAULT,AGGRAVATED: OTHER DANG WEAPON,X,0.1
051B,ASSAULT,AGGRAVATED: OTHER FIREARM,X,0.1
520,ASSAULT,AGGRAVATED:KNIFE/CUTTING INSTR,X,0.1
545,ASSAULT,PRO EMP HANDS NO/MIN INJURY,X,0.012
560,ASSAULT,SIMPLE,X,0.001777778
454,BATTERY,AGG PO HANDS NO/MIN INJURY,3,0.044444444
462,BATTERY,AGG PRO EMP HANDS SERIOUS INJ,3,0.066666667
483,BATTERY,AGG PRO.EMP: OTHER DANG WEAPON,3,0.077777778
482,BATTERY,AGG PRO.EMP:KNIFE/CUTTING INST,3,0.077777778
440,BATTERY,AGG: HANDS/FIST/FEET NO/MINOR INJURY,3,0.044444444
479,BATTERY,AGG: HANDS/FIST/FEET SERIOUS INJURY,3,0.066666667
488,BATTERY,AGGRAVATED DOMESTIC BATTERY: HANDGUN,3,0.111111111
498,BATTERY,AGGRAVATED DOMESTIC BATTERY: HANDS/FIST/FEET SERIOUS INJURY,3,0.111111111
496,BATTERY,AGGRAVATED DOMESTIC BATTERY: KNIFE/CUTTING INST,3,0.088888889
497,BATTERY,AGGRAVATED DOMESTIC BATTERY: OTHER DANG WEAPON,3,0.088888889
485,BATTERY,AGGRAVATED OF A CHILD,3,0.111111111
495,BATTERY,AGGRAVATED OF A SENIOR CITIZEN,3,0.088888889
452,BATTERY,AGGRAVATED PO: KNIFE/CUT INSTR,3,0.088888889
453,BATTERY,AGGRAVATED PO: OTHER DANG WEAP,3,0.088888889
041A,BATTERY,AGGRAVATED: HANDGUN,3,0.1
430,BATTERY,AGGRAVATED: OTHER DANG WEAPON,3,0.1
420,BATTERY,AGGRAVATED:KNIFE/CUTTING INSTR,3,0.1
486,BATTERY,DOMESTIC BATTERY SIMPLE,3,0.055555556
484,BATTERY,PRO EMP HANDS NO/MIN INJURY,3,0.044444444
460,BATTERY,SIMPLE,3,0.044444444
630,BURGLARY,ATTEMPT FORCIBLE ENTRY,2,0.044444444
610,BURGLARY,FORCIBLE ENTRY,2,0.044444444
650,BURGLARY,HOME INVASION,2,0.044444444
620,BURGLARY,UNLAWFUL ENTRY,2,0.044444444
261,CRIM SEXUAL ASSAULT,AGGRAVATED: HANDGUN,1,0.211111111
263,CRIM SEXUAL ASSAULT,AGGRAVATED: KNIFE/CUT INSTR,1,0.222222222
265,CRIM SEXUAL ASSAULT,AGGRAVATED: OTHER,1,0.211111111
275,CRIM SEXUAL ASSAULT,ATTEMPT AGG: OTHER,1,0.211111111
291,CRIM SEXUAL ASSAULT,ATTEMPT NON-AGGRAVATED,1,0.088888889
281,CRIM SEXUAL ASSAULT,NON-AGGRAVATED,1,0.088888889
266,CRIM SEXUAL ASSAULT,PREDATORY,1,0.4
1305,CRIMINAL DAMAGE,CRIMINAL DEFACEMENT,2,0.044444444
1345,CRIMINAL DAMAGE,TO CITY OF CHICAGO PROPERTY,2,0.044444444
1310,CRIMINAL DAMAGE,TO PROPERTY,2,0.044444444
1340,CRIMINAL DAMAGE,TO STATE SUP PROP,2,0.022222222
1320,CRIMINAL DAMAGE,TO VEHICLE,2,0.022222222
1335,CRIMINAL TRESPASS,TO AIRPORT,4,0.211111111
1330,CRIMINAL TRESPASS,TO LAND,4,0.022222222
1365,CRIMINAL TRESPASS,TO RESIDENCE,4,0.022222222
1350,CRIMINAL TRESPASS,TO STATE SUP LAND,4,0.033333333
1360,CRIMINAL TRESPASS,TO VEHICLE,4,0.022222222
1155,DECEPTIVE PRACTICE,AGGRAVATED FINANCIAL IDENTITY THEFT,4,0.033333333
1156,DECEPTIVE PRACTICE,ATTEMPT - FINANCIAL IDENTITY THEFT,4,0.033333333
1110,DECEPTIVE PRACTICE,BOGUS CHECK,4,0.033333333
1242,DECEPTIVE PRACTICE,COMPUTER FRAUD,4,0.022222222
1122,DECEPTIVE PRACTICE,COUNTERFEIT CHECK,4,0.022222222
1121,DECEPTIVE PRACTICE,COUNTERFEITING DOCUMENT,4,0.033333333
1150,DECEPTIVE PRACTICE,CREDIT CARD FRAUD,4,0.033333333
1140,DECEPTIVE PRACTICE,EMBEZZLEMENT,4,0.033333333
1195,DECEPTIVE PRACTICE,FINAN EXPLOIT-ELDERLY/DISABLED,4,0.044444444
1154,DECEPTIVE PRACTICE,FINANCIAL IDENTITY THEFT $300 AND UNDER,4,0.011111111
1153,DECEPTIVE PRACTICE,FINANCIAL IDENTITY THEFT OVER $ 300,4,0.022222222
1120,DECEPTIVE PRACTICE,FORGERY,4,0.022222222
1130,DECEPTIVE PRACTICE,FRAUD OR CONFIDENCE GAME,4,0.044444444
1151,DECEPTIVE PRACTICE,ILLEGAL POSSESSION CASH CARD,4,0.044444444
1152,DECEPTIVE PRACTICE,ILLEGAL USE CASH CARD,4,0.044444444
1200,DECEPTIVE PRACTICE,STOLEN PROP: BUY/RECEIVE/POS.,4,0.044444444
1206,DECEPTIVE PRACTICE,"THEFT BY LESSEE,MOTOR VEH",4,0.044444444
1210,DECEPTIVE PRACTICE,THEFT OF LABOR/SERVICES,4,0.044444444
1220,DECEPTIVE PRACTICE,THEFT OF LOST/MISLAID PROP,4,0.044444444
1261,DECEPTIVE PRACTICE,UNAUTHORIZED VIDEOTAPING,4,0.055555556
1235,DECEPTIVE PRACTICE,UNLAWFUL USE OF RECORDED SOUND,4,0.044444444
1670,GAMBLING,GAME/AMUSEMENT DEVICE,4,0.033333333
1661,GAMBLING,GAME/DICE,4,0.022222222
110,HOMICIDE,FIRST DEGREE MURDER,2,1
1050,HUMAN TRAFFICKING,COMMERCIAL SEX ACTS,X,0.4
3910,INTERFERENCE WITH PUBLIC OFFICER,BRIBERY,4,0.111111111
3800,INTERFERENCE WITH PUBLIC OFFICER,INTERFERENCE JUDICIAL PROCESS,4,0.111111111
3731,INTERFERENCE WITH PUBLIC OFFICER,OBSTRUCTING IDENTIFICATION,4,0.111111111
3730,INTERFERENCE WITH PUBLIC OFFICER,OBSTRUCTING JUSTICE,4,0.066666667
3760,INTERFERENCE WITH PUBLIC OFFICER,OBSTRUCTING SERVICE,4,0.055555556
3710,INTERFERENCE WITH PUBLIC OFFICER,RESIST/OBSTRUCT/DISARM OFFICER,4,0.066666667
3970,INTIMIDATION,EXTORTION,3,0.111111111
3960,INTIMIDATION,INTIMIDATION,3,0.111111111
1792,KIDNAPPING,CHILD ABDUCTION/STRANGER,2,0.111111111
4255,KIDNAPPING,UNLAWFUL INTERFERE/VISITATION,2,0.111111111
4230,KIDNAPPING,UNLAWFUL RESTRAINT,2,0.088888889
2220,LIQUOR LAW VIOLATION,ILLEGAL POSSESSION BY MINOR,4,0.088888889
2250,LIQUOR LAW VIOLATION,LIQUOR LICENSE VIOLATION,4,0.1
920,MOTOR VEHICLE THEFT,ATT: AUTOMOBILE,4,0.022222222
910,MOTOR VEHICLE THEFT,AUTOMOBILE,4,0.022222222
918,MOTOR VEHICLE THEFT,"CYCLE, SCOOTER, BIKE NO VIN",4,0.022222222
917,MOTOR VEHICLE THEFT,"CYCLE, SCOOTER, BIKE W-VIN",4,0.022222222
930,MOTOR VEHICLE THEFT,THEFT/RECOVERY: AUTOMOBILE,4,0.022222222
935,MOTOR VEHICLE THEFT,"THEFT/RECOVERY: TRUCK,BUS,MHOME",4,0.022222222
915,MOTOR VEHICLE THEFT,"TRUCK, BUS, MOTOR HOME",4,0.022222222
2090,NARCOTICS,ALTER/FORGE PRESCRIPTION,1,0.077777778
2091,NARCOTICS,FORFEIT PROPERTY,1,0.077777778
2093,NARCOTICS,FOUND SUSPECT NARCOTICS,1,0.077777778
1821,NARCOTICS,MANU/DEL:CANNABIS 10GM OR LESS,1,0.044444444
1822,NARCOTICS,MANU/DEL:CANNABIS OVER 10 GMS,1,0.088888889
2014,NARCOTICS,MANU/DELIVER: HEROIN (WHITE),1,0.211111111
2013,NARCOTICS,MANU/DELIVER: HEROIN(BRN/TAN),1,0.222222222
2011,NARCOTICS,MANU/DELIVER:BARBITUATES,1,0.211111111
2012,NARCOTICS,MANU/DELIVER:COCAINE,1,0.4
2017,NARCOTICS,MANU/DELIVER:CRACK,1,0.4
2018,NARCOTICS,MANU/DELIVER:SYNTHETIC DRUGS,1,0.377777778
2020,NARCOTICS,POSS: AMPHETAMINES,1,0.211111111
2021,NARCOTICS,POSS: BARBITUATES,1,0.233333333
1811,NARCOTICS,POSS: CANNABIS 30GMS OR LESS,1,0.044444444
1812,NARCOTICS,POSS: CANNABIS MORE THAN 30GMS,1,0.144444444
2022,NARCOTICS,POSS: COCAINE,1,0.222222222
2027,NARCOTICS,POSS: CRACK,1,0.222222222
2025,NARCOTICS,POSS: HALLUCINOGENS,1,0.222222222
2029,NARCOTICS,POSS: HEROIN(BLACK TAR),1,0.222222222
2023,NARCOTICS,POSS: HEROIN(BRN/TAN),1,0.222222222
2024,NARCOTICS,POSS: HEROIN(WHITE),1,0.388888889
2031,NARCOTICS,POSS: METHAMPHETAMINES,1,0.177777778
2026,NARCOTICS,POSS: PCP,1,0.233333333
2028,NARCOTICS,POSS: SYNTHETIC DRUGS,1,0.233333333
2170,NARCOTICS,POSSESSION OF DRUG EQUIPMENT,1,0.044444444
2034,NARCOTICS,POSSESSION: SYNTHETIC MARIJUANA,1,0.044444444
2092,NARCOTICS,SOLICIT NARCOTICS ON PUBLICWAY,1,0.044444444
5114,NON-CRIMINAL,FOID - REVOCATION,4,0.111111111
5093,NON-CRIMINAL,LOST PASSPORT,4,0
1540,OBSCENITY,OBSCENE MATTER,4,0.022222222
1541,OBSCENITY,SALE/DIST OBSCENE MAT TO MINOR,4,0.022222222
1752,OFFENSE INVOLVING CHILDREN,AGG CRIM SEX ABUSE FAM MEMBER,X,0.833333333
1754,OFFENSE INVOLVING CHILDREN,AGG SEX ASSLT OF CHILD FAM MBR,X,0.833333333
1755,OFFENSE INVOLVING CHILDREN,CHILD ABANDONMENT,X,0.2
1790,OFFENSE INVOLVING CHILDREN,CHILD ABDUCTION,X,0.222222222
1750,OFFENSE INVOLVING CHILDREN,CHILD ABUSE,X,0.833333333
1582,OFFENSE INVOLVING CHILDREN,CHILD PORNOGRAPHY,X,0.833333333
1720,OFFENSE INVOLVING CHILDREN,CONTRIBUTE DELINQUENCY OF A CHILD,X,0.833333333
1751,OFFENSE INVOLVING CHILDREN,CRIM SEX ABUSE BY FAM MEMBER,X,0.833333333
1710,OFFENSE INVOLVING CHILDREN,ENDANGERING LIFE/HEALTH CHILD,X,0.222222222
1780,OFFENSE INVOLVING CHILDREN,OTHER OFFENSE,X,0.222222222
1753,OFFENSE INVOLVING CHILDREN,SEX ASSLT OF CHILD BY FAM MBR,X,0.833333333
500N,OTHER OFFENSE,ABUSE/NEGLECT: CARE FACILITY,4,0.222222222
501A,OTHER OFFENSE,ANIMAL ABUSE/NEGLECT,4,0.027777778
502P,OTHER OFFENSE,FALSE/STOLEN/ALTERED TRP,4,0.016666667
5111,OTHER OFFENSE,GUN OFFENDER: ANNUAL REGISTRATION,4,0.016666667
5110,OTHER OFFENSE,GUN OFFENDER: DUTY TO REGISTER,4,0.022222222
2826,OTHER OFFENSE,HARASSMENT BY ELECTRONIC MEANS,4,0.022222222
2825,OTHER OFFENSE,HARASSMENT BY TELEPHONE,4,0.011111111
5011,OTHER OFFENSE,LICENSE VIOLATION,4,0.022222222
2830,OTHER OFFENSE,OBSCENE TELEPHONE CALLS,4,0.011111111
5000,OTHER OFFENSE,OTHER CRIME AGAINST PERSON,4,0.022222222
5001,OTHER OFFENSE,OTHER CRIME INVOLVING PROPERTY,4,0.022222222
5002,OTHER OFFENSE,OTHER VEHICLE OFFENSE,4,0.033333333
5007,OTHER OFFENSE,OTHER WEAPONS VIOLATION,4,0.044444444
4625,OTHER OFFENSE,PAROLE VIOLATION,4,0.044444444
4310,OTHER OFFENSE,POSSESSION OF BURGLARY TOOLS,4,0.055555556
4510,OTHER OFFENSE,PROBATION VIOLATION,4,0.022222222
4651,OTHER OFFENSE,SEX OFFENDER: FAIL REG NEW ADD,4,0.033333333
4650,OTHER OFFENSE,SEX OFFENDER: FAIL TO REGISTER,4,0.033333333
4652,OTHER OFFENSE,SEX OFFENDER: PROHIBITED ZONE,4,0.033333333
502T,OTHER OFFENSE,TAMPER WITH MOTOR VEHICLE,4,0.016666667
2820,OTHER OFFENSE,TELEPHONE THREAT,4,0.011111111
502R,OTHER OFFENSE,VEHICLE TITLE/REG OFFENSE,4,0.011111111
4388,OTHER OFFENSE,VIO BAIL BOND: DOM VIOLENCE,4,0.022222222
4387,OTHER OFFENSE,VIOLATE ORDER OF PROTECTION,4,0.033333333
4389,OTHER OFFENSE,VIOLATION GPS MONITORING DEVICE,4,0.033333333
4386,OTHER OFFENSE,VIOLATION OF CIVIL NO CONTACT ORDER,4,0.033333333
5131,OTHER OFFENSE,VIOLENT OFFENDER: ANNUAL REGISTRATION,4,0.033333333
5130,OTHER OFFENSE,VIOLENT OFFENDER: DUTY TO REGISTER,4,0.022222222
1505,PROSTITUTION,CALL OPERATION,4,0.044444444
1512,PROSTITUTION,SOLICIT FOR PROSTITUTE,4,0.044444444
1506,PROSTITUTION,SOLICIT ON PUBLIC WAY,4,0.055555556
1536,PUBLIC INDECENCY,LICENSED PREMISE,X,0.016666667
2851,PUBLIC PEACE VIOLATION,ARSON THREAT,4,0.016666667
2850,PUBLIC PEACE VIOLATION,BOMB THREAT,4,0.016666667
2840,PUBLIC PEACE VIOLATION,FALSE FIRE ALARM,4,0.016666667
2860,PUBLIC PEACE VIOLATION,FALSE POLICE REPORT,4,0.006444444
2890,PUBLIC PEACE VIOLATION,OTHER VIOLATION,4,0.011111111
2870,PUBLIC PEACE VIOLATION,PEEPING TOM,4,0.011111111
3300,PUBLIC PEACE VIOLATION,PUBLIC DEMONSTRATION,4,0.011111111
470,PUBLIC PEACE VIOLATION,RECKLESS CONDUCT,4,0.016666667
330,ROBBERY,AGGRAVATED,2,0.111111111
326,ROBBERY,AGGRAVATED VEHICULAR HIJACKING,2,0.111111111
031A,ROBBERY,ARMED: HANDGUN,2,0.111111111
313,ROBBERY,ARMED: OTHER DANGEROUS WEAPON,2,0.111111111
031B,ROBBERY,ARMED: OTHER FIREARM,2,0.111111111
312,ROBBERY,ARMED:KNIFE/CUTTING INSTRUMENT,2,0.122222222
331,ROBBERY,ATTEMPT: AGGRAVATED,2,0.155555556
033A,ROBBERY,ATTEMPT: ARMED-HANDGUN,2,0.133333333
334,ROBBERY,ATTEMPT: ARMED-KNIFE/CUT INSTR,2,0.133333333
337,ROBBERY,ATTEMPT: ARMED-OTHER DANG WEAP,2,0.133333333
340,ROBBERY,ATTEMPT: STRONGARM-NO WEAPON,2,0.066666667
320,ROBBERY,STRONGARM - NO WEAPON,2,0.066666667
325,ROBBERY,VEHICULAR HIJACKING,2,0.066666667
1562,SEX OFFENSE,AGG CRIMINAL SEXUAL ABUSE,X,0.833333333
5004,SEX OFFENSE,ATT CRIM SEXUAL ABUSE,X,0.833333333
1563,SEX OFFENSE,CRIMINAL SEXUAL ABUSE,X,0.833333333
1565,SEX OFFENSE,INDECENT SOLICITATION/CHILD,X,1
1585,SEX OFFENSE,OTHER,X,0.833333333
1570,SEX OFFENSE,PUBLIC INDECENCY,X,0.044444444
1544,SEX OFFENSE,SEXUAL EXPLOITATION OF A CHILD,X,1
583,STALKING,CYBERSTALKING,4,0.044444444
580,STALKING,SIMPLE,4,0.022222222
820,THEFT,$500 AND UNDER,4,0.016666667
850,THEFT,ATTEMPT THEFT,4,0.011111111
865,THEFT,DELIVERY CONTAINER THEFT,4,0.011111111
890,THEFT,FROM BUILDING,4,0.022222222
895,THEFT,FROM COIN-OP MACHINE/DEVICE,4,0.016666667
810,THEFT,OVER $500,4,0.022222222
870,THEFT,POCKET-PICKING,4,0.011111111
880,THEFT,PURSE-SNATCHING,4,0.005555556
860,THEFT,RETAIL THEFT,4,0.005555556
1460,WEAPONS VIOLATION,POSS FIREARM/AMMO:NO FOID CARD,4,0.088888889
1477,WEAPONS VIOLATION,RECKLESS FIREARM DISCHARGE,4,0.088888889
143C,WEAPONS VIOLATION,UNLAWFUL POSS AMMUNITION,4,0.088888889
143A,WEAPONS VIOLATION,UNLAWFUL POSS OF HANDGUN,4,0.088888889
143B,WEAPONS VIOLATION,UNLAWFUL POSS OTHER FIREARM,4,0.111111111
1435,WEAPONS VIOLATION,UNLAWFUL SALE/DELIVERY OF FIREARM AT SCHOOL,4,0.111111111
141A,WEAPONS VIOLATION,UNLAWFUL USE HANDGUN,4,0.111111111
141C,WEAPONS VIOLATION,UNLAWFUL USE OTHER DANG WEAPON,4,0.111111111
141B,WEAPONS VIOLATION,UNLAWFUL USE OTHER FIREARM,4,0.088888889
2900,WEAPONS VIOLATION,UNLAWFUL USE/SALE AIR RIFLE,4,0.088888889
5112,,,,0.01
2230,,,,0.01
1590,,,,0.01
1549,,,,0.01
4210,,,,0.01
2070,,,,0.01
2095,,,,0.01
2210,,,,0.01
1507,,,,0.01
3750,,,,0.01
2016,,,,0.01
1840,,,,0.01
5073,,,,0.01
2015,,,,0.01
1375,,,,0.01
1030,,,,0.01
1170,,,,0.01
1240,,,,0.01
1370,,,,0.01
1513,,,,0.01
1185,,,,0.01
5009,,,,0.01
4220,,,,0.01
2010,,,,0.01
1480,,,,0.01
142A,,,,0.01
2080,,,,0.01
461,,,,0.01
5121,,,,0.01
1535,,,,0.01
1651,,,,0.01
925,,,,0.01
927,,,,0.01
1900,,,,0.01
3100,,,,0.01
4860,,,,0.01
2050,,,,0.01
1479,,,,0.01
551,,,,0.01
475,,,,0.01
1035,,,,0.01
1478,,,,0.01
1260,,,,0.01
1564,,,,0.01
1850,,,,0.01
264,,,,0.01
4800,,,,0.01
2040,,,,0.01
830,,,,0.01
033B,,,,0.01
1450,,,,0.01
450,,,,0.01
1245,,,,0.01
1205,,,,0.01
2032,,,,0.01
2110,,,,0.01
1055,,,,0.01
1791,,,,0.01
1537,,,,0.01
501H,,,,0.01
1241,,,,0.01
5003,,,,0.01
3740,,,,0.01
041B,,,,0.01
1725,,,,0.01
1135,,,,0.01
5132,,,,0.01
584,,,,0.01
1680,,,,0.01
271,,,,0.01
273,,,,0.01
937,,,,0.01
1566,,,,0.01
2895,,,,0.01
500E,,,,0.01
5094,,,,0.01
3000,,,,0.01
142,,,,0.01
2160,,,,0.01
585,,,,0.01
274,,,,0.01
556,,,,0.01
4240,,,,0.01
2060,,,,0.01
1520,,,,0.01
1230,,,,0.01
1265,,,,0.01
2240,,,,0.01
1515,,,,0.01
3720,,,,0.01
2033,,,,0.01
3920,,,,0.01
272,,,,0.01
1481,,,,0.01
3610,,,,0.01
1010,,,,0.01
1715,,,,0.01
3975,,,,0.01
581,,,,0.01
1580,,,,0.01